What makes a crypto group chat go silent fastest?|A red chart|Someone asking for proof|A serious question|Everyone taking profit
Your friend says “trust me.” What do you ask first?|Did you buy it?|Who told you?|Can I see the chart?|How much did you lose?
Which notification is hardest to ignore?|A price alert|A wallet notification|A tagged message|An airdrop reminder
What feels longer than it should?|Waiting for a transaction|Waiting for a reveal|Waiting for support|Waiting to break even
What is the most suspicious word in a pitch?|Guaranteed|Revolutionary|Exclusive|Soon
You find an old wallet. First thought?|Please have something in it|Where is the password?|What did I buy?|I should check more often
Which screenshot gets sent to friends first?|A big gain|A ridiculous loss|A strange token name|A lucky entry
What ruins a good crypto joke?|Explaining it|Someone taking it seriously|A price prediction|Posting it too late
What is the strongest urge after a lucky trade?|Tell everyone|Do it again|Take a break|Pretend it was skill
Your group chat needs a new name. Which wins?|Still Early|Exit Liquidity|No Financial Advice|Back to Even
What makes a phone feel like a crypto phone?|The wallet|The notifications|The apps|The owner checking charts
What gets opened during a boring meeting?|The chart|The group chat|The wallet|A game
Which phone problem arrives at the worst moment?|Low battery|Bad signal|A forced update|No storage
You can keep only one alert. Which stays?|Big price moves|Wallet activity|Messages from friends|Game start time
What is the most embarrassing screen to share by mistake?|Portfolio|Search history|Unread messages|Screen time
Your battery is at 2%. What do you finish first?|A transaction|A message|A game answer|One last chart check
What makes an app worth opening tomorrow?|Friends are there|A daily game|A useful tool|A surprise reward
Which tiny inconvenience feels enormous?|A slow button|A lost login|A hidden setting|An extra confirmation
What do you do after missing a notification?|Blame the phone|Check the settings|Ask what happened|Say I saw it
What should a great crypto app feel like?|Fast|Simple|Fun|Trustworthy
Someone posts “big news tomorrow.” Your reaction?|Mute the chat|Set a reminder|Ask for details|Send an eye emoji
Which group chat role is most common?|The lurker|The hype person|The skeptic|The meme poster
What gets the fastest reply?|A giveaway|A dramatic screenshot|A controversial take|A genuine question
Which message ages worst?|We are so back|This is the bottom|I am never selling|Easy money
Who notices a new trend first?|The friend always online|The quiet lurker|The meme account|Everyone except me
What does “quick call” usually mean?|Ten minutes|An hour|A sales pitch|Something went wrong
Which emoji carries the most work in crypto?|Eyes|Rocket|Skull|Fire
What makes you mute a community?|Too many pings|Too much hype|Constant arguments|The same question again
Your prediction was wrong. What happens next?|Delete the message|Make a joke|Explain the context|Say nothing
What makes a community feel alive?|Inside jokes|Helpful replies|Daily events|People remembering you
What is the hardest thing to resist?|A fresh chart|A limited offer|Friends buying in|A comeback story
What do people secretly want from a price prediction?|Reassurance|A number|Permission to buy|Permission to sell
You promised to stop checking. How long do you last?|Five minutes|An hour|Until the next alert|Until tomorrow
What sounds smartest after the fact?|It was obvious|I had a feeling|Look at the data|I almost bought
Which promise is easiest to break?|Just one more check|I will take profit|No more new tokens|I will sleep early
What turns confidence into panic fastest?|A sudden red candle|A strange wallet popup|A vanished website|A friend saying relax
What feels better than a small gain?|Avoiding a bad trade|Calling a trend early|Helping a friend|Finding a forgotten balance
What is the best cure for chart obsession?|A walk|Turning off alerts|A different app|Sleep
What is the biggest giveaway that someone is nervous?|Refreshing constantly|Typing too much|Making jokes|Saying everything is fine
Which sentence deserves a pause before you act?|Everyone is buying|There is no rush|Read the details|Ask another person
What makes a game worth returning to?|A winning streak|Friends playing|A daily ritual|A memorable surprise
Which loss hurts most?|Missing by one second|Changing a right answer|Forgetting to join|Losing on the last question
What do you do after winning a close game?|Send a screenshot|Play again|Celebrate quietly|Tell a friend
Which player is hardest to predict?|The beginner|The overthinker|The fast tapper|The quiet regular
What makes a countdown exciting?|The music|The huge numbers|Knowing friends are waiting|Not knowing what comes next
You have two seconds left. What wins?|First instinct|The funniest option|The safest option|A random tap
What is the most satisfying game sound?|A correct answer|A victory chime|Coins landing|The starting signal
What makes spectating fun?|A close finish|Friends still playing|Unexpected results|Live reactions
What would you share after a game?|My final result|The weirdest question|The closest vote|An invite for tomorrow
Which title would you rather earn?|Crowd Whisperer|Perfect Instinct|Last One Standing|Daily Regular
What makes a product announcement interesting?|A working demo|A surprising idea|A clear use case|A familiar person using it
What is the first sign a demo might go wrong?|Bad Wi-Fi|Too many tabs|A low battery|Someone saying it worked earlier
Which feature gets requested immediately?|Dark mode|Notifications|An easier login|A share button
What is the best early feedback?|I used it twice|I sent it to a friend|I found a bug|I understood it immediately
What gets postponed until the last minute?|The demo video|The presentation|The final test|The project description
What makes a demo memorable?|A funny moment|A clear payoff|A beautiful screen|Seeing real people use it
Which bug is hardest to describe?|It happens sometimes|It only happens on my phone|It stopped when I recorded it|It fixes itself
What do people notice first in a new app?|The colors|The speed|The main button|The name
Which sentence belongs before launch?|Try it on a real phone|One more feature|Let us change the name|It should be fine
What feels like the biggest milestone?|The first working build|The first real user|The first repeat visit|The first shared screenshot
What is the ideal Sunday crypto activity?|Ignore the charts|Catch up on news|Try a new app|Talk with friends
What do you bring to a crypto meetup?|A charged phone|A strong opinion|A friend|A question
What breaks the ice fastest?|A shared loss story|A good meme|A product demo|A familiar username
Which souvenir would people actually keep?|A useful sticker|A funny shirt|A collectible token|A photo with friends
What does your non-crypto friend ask first?|Is it real money?|Why do you check so often?|Can you explain it simply?|Did you make anything?
What is the best reason to close the laptop?|Dinner with friends|Good weather|A finished task|An empty battery
Which moment feels most like being early?|Finding a tiny community|Trying a rough first app|Explaining it to friends|Nobody understanding the joke
What makes a good daily ritual?|A fixed time|A small challenge|Familiar people|A reason to laugh
If the group wins together, what comes next?|A celebration screenshot|A running joke|Plans for tomorrow|Someone asking for a rematch
What brings you back to hundo tomorrow?|The questions|The people|The chance to win|Proving I can read the room
